model,f1_macro,f1_micro,exact_match,hamming_loss,training_time,sweet_f1,floral_f1,minty_f1,pungent_f1
lightgbm,0.6345522605334862,0.7046750285062714,0.48633879781420764,0.17691256830601093,7.55642294883728,0.6958637469586375,0.7605633802816901,0.65625,0.425531914893617
xgboost,0.6343177708019967,0.7185354691075515,0.5,0.1680327868852459,3.108138084411621,0.7090464547677262,0.7796610169491526,0.6764705882352942,0.37209302325581395
