model,f1_macro,f1_micro,exact_match,hamming_loss,training_time,sweet_f1,floral_f1,mint_f1,pungent_f1,sweet_precision,floral_precision,mint_precision,pungent_precision,sweet_recall,floral_recall,mint_recall,pungent_recall,sweet_auc,floral_auc,mint_auc,pungent_auc,sweet_pr_auc,floral_pr_auc,mint_pr_auc,pungent_pr_auc
lightgbm,0.6394816829669409,0.7426597582037997,0.5801526717557252,0.14217557251908397,6.6944379806518555,0.6169154228855721,0.8471337579617835,0.6938775510204082,0.4,0.62,0.8417721518987342,0.85,0.75,0.6138613861386139,0.8525641025641025,0.5862068965517241,0.2727272727272727,0.7481089723879221,0.8634192065795839,0.8636969069113513,0.9007605939876856,0.6947575848952703,0.8886143020719292,0.7281376194786153,0.5296925296925297
xgboost,0.6480243837819623,0.7521367521367521,0.5916030534351145,0.1383587786259542,3.5225467681884766,0.6130653266331658,0.8589341692789969,0.7450980392156863,0.375,0.6224489795918368,0.8404907975460123,0.8636363636363636,0.6,0.6039603960396039,0.8782051282051282,0.6551724137931034,0.2727272727272727,0.7420822827624377,0.8585208030962749,0.883232203640669,0.9243027888446216,0.711833165200729,0.8726657693536143,0.732577160543499,0.5252198725773456
